{
	"format_version": "1.12.0",
	"minecraft:geometry": [
		{
			"description": {
				"identifier": "geometry.unknown",
				"texture_width": 128,
				"texture_height": 128,
				"visible_bounds_width": 4,
				"visible_bounds_height": 4.5,
				"visible_bounds_offset": [0, 1.75, 0]
			},
			"bones": [
				{
					"name": "RightArm",
					"pivot": [-2.25, 29.1, 0],
					"cubes": [
						{
							"origin": [-4.61827, 25.29446, -1.848],
							"size": [3.2, 4, 3.65],
							"uv": {
								"north": {"uv": [44, 85], "uv_size": [-3, 4]},
								"east": {"uv": [47, 85], "uv_size": [-3, 4]},
								"south": {"uv": [50, 85], "uv_size": [-3, 4]},
								"west": {"uv": [41, 85], "uv_size": [-3, 4]},
								"up": {"uv": [44, 82], "uv_size": [-3, 3]},
								"down": {"uv": [47, 85], "uv_size": [-3, -3]}
							}
						},
						{
							"origin": [-5.36023, 29.33603, -1.85],
							"size": [3, 1.2, 3.7],
							"uv": {
								"north": {"uv": [84, 14], "uv_size": [-3, 1]},
								"east": {"uv": [87, 14], "uv_size": [-3, 1]},
								"south": {"uv": [90, 14], "uv_size": [-3, 1]},
								"west": {"uv": [81, 14], "uv_size": [-3, 1]},
								"up": {"uv": [84, 11], "uv_size": [-3, 3]},
								"down": {"uv": [87, 14], "uv_size": [-3, -3]}
							}
						},
						{
							"origin": [-4, 23.15, -1.8],
							"size": [3.05, 7, 3.6],
							"uv": {
								"north": {"uv": [24, 77], "uv_size": [-3, 7]},
								"east": {"uv": [27, 77], "uv_size": [-3, 7]},
								"south": {"uv": [30, 77], "uv_size": [-3, 7]},
								"west": {"uv": [21, 77], "uv_size": [-3, 7]},
								"up": {"uv": [24, 74], "uv_size": [-3, 3]},
								"down": {"uv": [27, 77], "uv_size": [-3, -3]}
							}
						}
					]
				},
				{
					"name": "RightForeArm",
					"parent": "RightArm",
					"pivot": [-2.35325, 23.58739, -0.05],
					"cubes": [
						{
							"origin": [-4.025, 17.775, -1.775],
							"size": [3, 6, 3.6],
							"uv": {
								"north": {"uv": [86, 18], "uv_size": [-3, 6]},
								"east": {"uv": [89, 18], "uv_size": [-3, 6]},
								"south": {"uv": [92, 18], "uv_size": [-3, 6]},
								"west": {"uv": [83, 18], "uv_size": [-3, 6]},
								"up": {"uv": [86, 15], "uv_size": [-3, 3]},
								"down": {"uv": [89, 18], "uv_size": [-3, -3]}
							}
						},
						{
							"origin": [-3.82867, 19.78684, -1.8],
							"size": [1.1, 0.5, 0],
							"pivot": [-3.27867, 19.98684, -1.8],
							"rotation": [0, 0, 11],
							"uv": {
								"north": {"uv": [1, 0], "uv_size": [-1, 0]},
								"east": {"uv": [1, 0], "uv_size": [0, 0]},
								"south": {"uv": [2, 0], "uv_size": [-1, 0]},
								"west": {"uv": [0, 0], "uv_size": [0, 0]},
								"up": {"uv": [1, 0], "uv_size": [-1, 0]},
								"down": {"uv": [2, 0], "uv_size": [-1, 0]}
							}
						},
						{
							"origin": [-2.23223, 19.6094, -1.8],
							"size": [1.1, 0.5, 0],
							"pivot": [-1.58223, 19.8594, -1.8],
							"rotation": [0, 0, 4],
							"uv": {
								"north": {"uv": [1, 0], "uv_size": [-1, 0]},
								"east": {"uv": [1, 0], "uv_size": [0, 0]},
								"south": {"uv": [2, 0], "uv_size": [-1, 0]},
								"west": {"uv": [0, 0], "uv_size": [0, 0]},
								"up": {"uv": [1, 0], "uv_size": [-1, 0]},
								"down": {"uv": [2, 0], "uv_size": [-1, 0]}
							}
						},
						{
							"origin": [-0.53613, 19.49779, -1.8],
							"size": [1.1, 0.5, 0],
							"pivot": [0.01387, 19.74779, -1.8],
							"rotation": [0, 0, -3.5],
							"uv": {
								"north": {"uv": [1, 0], "uv_size": [-1, 0]},
								"east": {"uv": [1, 0], "uv_size": [0, 0]},
								"south": {"uv": [2, 0], "uv_size": [-1, 0]},
								"west": {"uv": [0, 0], "uv_size": [0, 0]},
								"up": {"uv": [1, 0], "uv_size": [-1, 0]},
								"down": {"uv": [2, 0], "uv_size": [-1, 0]}
							}
						},
						{
							"origin": [-3.82867, 19.78684, 1.85],
							"size": [1.1, 0.5, 0],
							"pivot": [-3.27867, 19.98684, 1.85],
							"rotation": [0, 0, 11],
							"uv": {
								"north": {"uv": [1, 0], "uv_size": [-1, 0]},
								"east": {"uv": [1, 0], "uv_size": [0, 0]},
								"south": {"uv": [2, 0], "uv_size": [-1, 0]},
								"west": {"uv": [0, 0], "uv_size": [0, 0]},
								"up": {"uv": [1, 0], "uv_size": [-1, 0]},
								"down": {"uv": [2, 0], "uv_size": [-1, 0]}
							}
						},
						{
							"origin": [-2.23223, 19.6094, 1.85],
							"size": [1.1, 0.5, 0],
							"pivot": [-1.58223, 19.8594, 1.85],
							"rotation": [0, 0, 4],
							"uv": {
								"north": {"uv": [1, 0], "uv_size": [-1, 0]},
								"east": {"uv": [1, 0], "uv_size": [0, 0]},
								"south": {"uv": [2, 0], "uv_size": [-1, 0]},
								"west": {"uv": [0, 0], "uv_size": [0, 0]},
								"up": {"uv": [1, 0], "uv_size": [-1, 0]},
								"down": {"uv": [2, 0], "uv_size": [-1, 0]}
							}
						},
						{
							"origin": [-0.53613, 19.49779, 1.85],
							"size": [1.1, 0.5, 0],
							"pivot": [0.01387, 19.74779, 1.85],
							"rotation": [0, 0, -3.5],
							"uv": {
								"north": {"uv": [1, 0], "uv_size": [-1, 0]},
								"east": {"uv": [1, 0], "uv_size": [0, 0]},
								"south": {"uv": [2, 0], "uv_size": [-1, 0]},
								"west": {"uv": [0, 0], "uv_size": [0, 0]},
								"up": {"uv": [1, 0], "uv_size": [-1, 0]},
								"down": {"uv": [2, 0], "uv_size": [-1, 0]}
							}
						},
						{
							"origin": [-4.025, 14.775, -1.45],
							"size": [3, 3, 3],
							"uv": {
								"north": {"uv": [41, 92], "uv_size": [-3, 3]},
								"east": {"uv": [44, 92], "uv_size": [-3, 3]},
								"south": {"uv": [47, 92], "uv_size": [-3, 3]},
								"west": {"uv": [38, 92], "uv_size": [-3, 3]},
								"up": {"uv": [41, 89], "uv_size": [-3, 3]},
								"down": {"uv": [44, 92], "uv_size": [-3, -3]}
							}
						},
						{
							"origin": [-1.725, 17.775, -1.775],
							"size": [2, 6, 3.6],
							"inflate": -0.005,
							"pivot": [-2.525, 19.775, 0.325],
							"rotation": [0, 0, -20],
							"uv": {
								"north": {"uv": [24, 90], "uv_size": [-2, 6]},
								"east": {"uv": [27, 90], "uv_size": [-3, 6]},
								"south": {"uv": [29, 90], "uv_size": [-2, 6]},
								"west": {"uv": [22, 90], "uv_size": [-3, 6]},
								"up": {"uv": [24, 87], "uv_size": [-2, 3]},
								"down": {"uv": [26, 90], "uv_size": [-2, -3]}
							}
						},
						{
							"origin": [-1.00643, 18.50472, -1.775],
							"size": [2, 3, 3.6],
							"inflate": -0.01,
							"pivot": [-0.00643, 19.60472, 0.325],
							"rotation": [0, 0, -41.5],
							"uv": {
								"north": {"uv": [74, 94], "uv_size": [-2, 3]},
								"east": {"uv": [77, 94], "uv_size": [-3, 3]},
								"south": {"uv": [79, 94], "uv_size": [-2, 3]},
								"west": {"uv": [72, 94], "uv_size": [-3, 3]},
								"up": {"uv": [74, 91], "uv_size": [-2, 3]},
								"down": {"uv": [76, 94], "uv_size": [-2, -3]}
							}
						},
						{
							"origin": [-1.40643, 16.90472, -1.775],
							"size": [2, 2, 3.6],
							"inflate": -0.015,
							"pivot": [-0.00643, 19.60472, 0.025],
							"rotation": [0, 0, -65],
							"uv": {
								"north": {"uv": [99, 54], "uv_size": [-2, 2]},
								"east": {"uv": [102, 54], "uv_size": [-3, 2]},
								"south": {"uv": [104, 54], "uv_size": [-2, 2]},
								"west": {"uv": [97, 54], "uv_size": [-3, 2]},
								"up": {"uv": [99, 51], "uv_size": [-2, 3]},
								"down": {"uv": [101, 54], "uv_size": [-2, -3]}
							}
						},
						{
							"origin": [0.52038, 17.28038, -1.975],
							"size": [2.4, 2, 4],
							"pivot": [3.22038, 18.28038, -0.275],
							"rotation": [0, 0, -7.5],
							"uv": {
								"north": {"uv": [95, 16], "uv_size": [-2, 2]},
								"east": {"uv": [99, 16], "uv_size": [-4, 2]},
								"south": {"uv": [101, 16], "uv_size": [-2, 2]},
								"west": {"uv": [93, 16], "uv_size": [-4, 2]},
								"up": {"uv": [95, 12], "uv_size": [-2, 4]},
								"down": {"uv": [97, 16], "uv_size": [-2, -4]}
							}
						},
						{
							"origin": [-4.57237, 17.28038, -1.975],
							"size": [5.4, 2, 4],
							"pivot": [-1.87237, 18.28038, 0.325],
							"rotation": [0, 0, 7.5],
							"uv": {
								"north": {"uv": [75, 77], "uv_size": [-5, 2]},
								"east": {"uv": [79, 77], "uv_size": [-4, 2]},
								"south": {"uv": [84, 77], "uv_size": [-5, 2]},
								"west": {"uv": [70, 77], "uv_size": [-4, 2]},
								"up": {"uv": [75, 73], "uv_size": [-5, 4]},
								"down": {"uv": [80, 77], "uv_size": [-5, -4]}
							}
						},
						{
							"origin": [-4.3, 18.65, -1.35],
							"size": [1, 0.6, 0.6],
							"uv": {
								"north": {"uv": [1, 0], "uv_size": [-1, 0]},
								"east": {"uv": [1, 0], "uv_size": [0, 0]},
								"south": {"uv": [2, 0], "uv_size": [-1, 0]},
								"west": {"uv": [0, 0], "uv_size": [0, 0]},
								"up": {"uv": [1, 0], "uv_size": [-1, 0]},
								"down": {"uv": [2, 0], "uv_size": [-1, 0]}
							}
						}
					]
				},
				{
					"name": "RightHand",
					"parent": "RightForeArm",
					"pivot": [-2.525, 16.275, 0.05],
					"cubes": [
						{
							"origin": [-3.025, 15.775, -0.45],
							"size": [1, 1, 1],
							"uv": {
								"north": {"uv": [37, 90], "uv_size": [-1, 1]},
								"east": {"uv": [38, 90], "uv_size": [-1, 1]},
								"south": {"uv": [39, 90], "uv_size": [-1, 1]},
								"west": {"uv": [36, 90], "uv_size": [-1, 1]},
								"up": {"uv": [37, 89], "uv_size": [-1, 1]},
								"down": {"uv": [38, 90], "uv_size": [-1, -1]}
							}
						}
					]
				},
				{
					"name": "RightHandLocator",
					"parent": "RightHand",
					"pivot": [-2.525, 15.275, 0.05]
				},
				{
					"name": "LeftArm",
					"pivot": [2.25, 29.1, 0],
					"cubes": [
						{
							"origin": [1.41827, 25.19446, -1.848],
							"size": [3.2, 4, 3.65],
							"uv": {
								"north": {"uv": [41, 85], "uv_size": [3, 4]},
								"east": {"uv": [38, 85], "uv_size": [3, 4]},
								"south": {"uv": [47, 85], "uv_size": [3, 4]},
								"west": {"uv": [44, 85], "uv_size": [3, 4]},
								"up": {"uv": [41, 82], "uv_size": [3, 3]},
								"down": {"uv": [44, 85], "uv_size": [3, -3]}
							}
						},
						{
							"origin": [2.36023, 29.23603, -1.85],
							"size": [3, 1.2, 3.7],
							"uv": {
								"north": {"uv": [81, 14], "uv_size": [3, 1]},
								"east": {"uv": [78, 14], "uv_size": [3, 1]},
								"south": {"uv": [87, 14], "uv_size": [3, 1]},
								"west": {"uv": [84, 14], "uv_size": [3, 1]},
								"up": {"uv": [81, 11], "uv_size": [3, 3]},
								"down": {"uv": [84, 14], "uv_size": [3, -3]}
							}
						},
						{
							"origin": [0.95, 23.15, -1.8],
							"size": [3.05, 7, 3.6],
							"uv": {
								"north": {"uv": [21, 77], "uv_size": [3, 7]},
								"east": {"uv": [18, 77], "uv_size": [3, 7]},
								"south": {"uv": [27, 77], "uv_size": [3, 7]},
								"west": {"uv": [24, 77], "uv_size": [3, 7]},
								"up": {"uv": [21, 74], "uv_size": [3, 3]},
								"down": {"uv": [24, 77], "uv_size": [3, -3]}
							}
						}
					]
				},
				{
					"name": "LeftForeArm",
					"parent": "LeftArm",
					"pivot": [2.35325, 23.58739, -0.05],
					"cubes": [
						{
							"origin": [1.025, 17.775, -1.775],
							"size": [3, 6, 3.6],
							"uv": {
								"north": {"uv": [83, 18], "uv_size": [3, 6]},
								"east": {"uv": [80, 18], "uv_size": [3, 6]},
								"south": {"uv": [89, 18], "uv_size": [3, 6]},
								"west": {"uv": [86, 18], "uv_size": [3, 6]},
								"up": {"uv": [83, 15], "uv_size": [3, 3]},
								"down": {"uv": [86, 18], "uv_size": [3, -3]}
							}
						},
						{
							"origin": [2.72867, 19.78684, -1.8],
							"size": [1.1, 0.5, 0],
							"pivot": [3.27867, 19.98684, -1.8],
							"rotation": [0, 0, -11],
							"uv": {
								"north": {"uv": [0, 0], "uv_size": [1, 0]},
								"east": {"uv": [0, 0], "uv_size": [0, 0]},
								"south": {"uv": [1, 0], "uv_size": [1, 0]},
								"west": {"uv": [1, 0], "uv_size": [0, 0]},
								"up": {"uv": [0, 0], "uv_size": [1, 0]},
								"down": {"uv": [1, 0], "uv_size": [1, 0]}
							}
						},
						{
							"origin": [1.13223, 19.6094, -1.8],
							"size": [1.1, 0.5, 0],
							"pivot": [1.58223, 19.8594, -1.8],
							"rotation": [0, 0, -4],
							"uv": {
								"north": {"uv": [0, 0], "uv_size": [1, 0]},
								"east": {"uv": [0, 0], "uv_size": [0, 0]},
								"south": {"uv": [1, 0], "uv_size": [1, 0]},
								"west": {"uv": [1, 0], "uv_size": [0, 0]},
								"up": {"uv": [0, 0], "uv_size": [1, 0]},
								"down": {"uv": [1, 0], "uv_size": [1, 0]}
							}
						},
						{
							"origin": [-0.56387, 19.49779, -1.8],
							"size": [1.1, 0.5, 0],
							"pivot": [-0.01387, 19.74779, -1.8],
							"rotation": [0, 0, 3.5],
							"uv": {
								"north": {"uv": [0, 0], "uv_size": [1, 0]},
								"east": {"uv": [0, 0], "uv_size": [0, 0]},
								"south": {"uv": [1, 0], "uv_size": [1, 0]},
								"west": {"uv": [1, 0], "uv_size": [0, 0]},
								"up": {"uv": [0, 0], "uv_size": [1, 0]},
								"down": {"uv": [1, 0], "uv_size": [1, 0]}
							}
						},
						{
							"origin": [2.72867, 19.78684, 1.85],
							"size": [1.1, 0.5, 0],
							"pivot": [3.27867, 19.98684, 1.85],
							"rotation": [0, 0, -11],
							"uv": {
								"north": {"uv": [0, 0], "uv_size": [1, 0]},
								"east": {"uv": [0, 0], "uv_size": [0, 0]},
								"south": {"uv": [1, 0], "uv_size": [1, 0]},
								"west": {"uv": [1, 0], "uv_size": [0, 0]},
								"up": {"uv": [0, 0], "uv_size": [1, 0]},
								"down": {"uv": [1, 0], "uv_size": [1, 0]}
							}
						},
						{
							"origin": [1.13223, 19.6094, 1.85],
							"size": [1.1, 0.5, 0],
							"pivot": [1.58223, 19.8594, 1.85],
							"rotation": [0, 0, -4],
							"uv": {
								"north": {"uv": [0, 0], "uv_size": [1, 0]},
								"east": {"uv": [0, 0], "uv_size": [0, 0]},
								"south": {"uv": [1, 0], "uv_size": [1, 0]},
								"west": {"uv": [1, 0], "uv_size": [0, 0]},
								"up": {"uv": [0, 0], "uv_size": [1, 0]},
								"down": {"uv": [1, 0], "uv_size": [1, 0]}
							}
						},
						{
							"origin": [-0.56387, 19.49779, 1.85],
							"size": [1.1, 0.5, 0],
							"pivot": [-0.01387, 19.74779, 1.85],
							"rotation": [0, 0, 3.5],
							"uv": {
								"north": {"uv": [0, 0], "uv_size": [1, 0]},
								"east": {"uv": [0, 0], "uv_size": [0, 0]},
								"south": {"uv": [1, 0], "uv_size": [1, 0]},
								"west": {"uv": [1, 0], "uv_size": [0, 0]},
								"up": {"uv": [0, 0], "uv_size": [1, 0]},
								"down": {"uv": [1, 0], "uv_size": [1, 0]}
							}
						},
						{
							"origin": [1.025, 14.775, -1.45],
							"size": [3, 3, 3],
							"uv": {
								"north": {"uv": [38, 92], "uv_size": [3, 3]},
								"east": {"uv": [35, 92], "uv_size": [3, 3]},
								"south": {"uv": [44, 92], "uv_size": [3, 3]},
								"west": {"uv": [41, 92], "uv_size": [3, 3]},
								"up": {"uv": [38, 89], "uv_size": [3, 3]},
								"down": {"uv": [41, 92], "uv_size": [3, -3]}
							}
						},
						{
							"origin": [-0.275, 17.775, -1.775],
							"size": [2, 6, 3.6],
							"inflate": -0.005,
							"pivot": [2.525, 19.775, 0.325],
							"rotation": [0, 0, 20],
							"uv": {
								"north": {"uv": [22, 90], "uv_size": [2, 6]},
								"east": {"uv": [19, 90], "uv_size": [3, 6]},
								"south": {"uv": [27, 90], "uv_size": [2, 6]},
								"west": {"uv": [24, 90], "uv_size": [3, 6]},
								"up": {"uv": [22, 87], "uv_size": [2, 3]},
								"down": {"uv": [24, 90], "uv_size": [2, -3]}
							}
						},
						{
							"origin": [-0.99357, 18.50472, -1.775],
							"size": [2, 3, 3.6],
							"inflate": -0.01,
							"pivot": [0.00643, 19.60472, 0.325],
							"rotation": [0, 0, 41.5],
							"uv": {
								"north": {"uv": [72, 94], "uv_size": [2, 3]},
								"east": {"uv": [69, 94], "uv_size": [3, 3]},
								"south": {"uv": [77, 94], "uv_size": [2, 3]},
								"west": {"uv": [74, 94], "uv_size": [3, 3]},
								"up": {"uv": [72, 91], "uv_size": [2, 3]},
								"down": {"uv": [74, 94], "uv_size": [2, -3]}
							}
						},
						{
							"origin": [-0.59357, 16.90472, -1.775],
							"size": [2, 2, 3.6],
							"inflate": -0.015,
							"pivot": [0.00643, 19.60472, 0.025],
							"rotation": [0, 0, 65],
							"uv": {
								"north": {"uv": [97, 54], "uv_size": [2, 2]},
								"east": {"uv": [94, 54], "uv_size": [3, 2]},
								"south": {"uv": [102, 54], "uv_size": [2, 2]},
								"west": {"uv": [99, 54], "uv_size": [3, 2]},
								"up": {"uv": [97, 51], "uv_size": [2, 3]},
								"down": {"uv": [99, 54], "uv_size": [2, -3]}
							}
						},
						{
							"origin": [-2.92038, 17.28038, -1.975],
							"size": [2.4, 2, 4],
							"pivot": [-3.22038, 18.28038, -0.275],
							"rotation": [0, 0, 7.5],
							"uv": {
								"north": {"uv": [93, 16], "uv_size": [2, 2]},
								"east": {"uv": [89, 16], "uv_size": [4, 2]},
								"south": {"uv": [99, 16], "uv_size": [2, 2]},
								"west": {"uv": [95, 16], "uv_size": [4, 2]},
								"up": {"uv": [93, 12], "uv_size": [2, 4]},
								"down": {"uv": [95, 16], "uv_size": [2, -4]}
							}
						},
						{
							"origin": [-0.82763, 17.28038, -1.975],
							"size": [5.4, 2, 4],
							"pivot": [1.87237, 18.28038, 0.325],
							"rotation": [0, 0, -7.5],
							"uv": {
								"north": {"uv": [70, 77], "uv_size": [5, 2]},
								"east": {"uv": [66, 77], "uv_size": [4, 2]},
								"south": {"uv": [79, 77], "uv_size": [5, 2]},
								"west": {"uv": [75, 77], "uv_size": [4, 2]},
								"up": {"uv": [70, 73], "uv_size": [5, 4]},
								"down": {"uv": [75, 77], "uv_size": [5, -4]}
							}
						},
						{
							"origin": [3.3, 18.65, -1.35],
							"size": [1, 0.6, 0.6],
							"uv": {
								"north": {"uv": [0, 0], "uv_size": [1, 0]},
								"east": {"uv": [0, 0], "uv_size": [0, 0]},
								"south": {"uv": [1, 0], "uv_size": [1, 0]},
								"west": {"uv": [1, 0], "uv_size": [0, 0]},
								"up": {"uv": [0, 0], "uv_size": [1, 0]},
								"down": {"uv": [1, 0], "uv_size": [1, 0]}
							}
						}
					]
				},
				{
					"name": "LeftHand",
					"parent": "LeftForeArm",
					"pivot": [2.525, 16.275, 0.05],
					"cubes": [
						{
							"origin": [2.025, 15.775, -0.45],
							"size": [1, 1, 1],
							"uv": {
								"north": {"uv": [36, 90], "uv_size": [1, 1]},
								"east": {"uv": [35, 90], "uv_size": [1, 1]},
								"south": {"uv": [38, 90], "uv_size": [1, 1]},
								"west": {"uv": [37, 90], "uv_size": [1, 1]},
								"up": {"uv": [36, 89], "uv_size": [1, 1]},
								"down": {"uv": [37, 90], "uv_size": [1, -1]}
							}
						}
					]
				},
				{
					"name": "LeftHandLocator",
					"parent": "LeftHand",
					"pivot": [2.525, 15.275, 0.05]
				}
			]
		}
	]
}