{
  "activateSkinCapeForUserVersion": false,
  "skipHashsumValidation": false,
  "additionalFiles": [
    {
      "sha1": "8c5a95cbce940cfdb304376ae9fea47968d02587",
      "size": 10436626,
      "path": "libraries/net/minecraft/client/1.20.1-20230612.114412/client-1.20.1-20230612.114412-extra.jar",
      "url": "http://res.tlauncher.org/unb/libraries/cache/net/minecraft/client/1.20.1-20230612.114412/client-1.20.1-20230612.114412-extra.jar"
    },
    {
      "sha1": "de86b035d2da0f78940796bb95c39a932ed84834",
      "size": 12592249,
      "path": "libraries/net/minecraft/client/1.20.1-20230612.114412/client-1.20.1-20230612.114412-slim.jar",
      "url": "http://res.tlauncher.org/unb/libraries/cache/net/minecraft/client/1.20.1-20230612.114412/client-1.20.1-20230612.114412-slim.jar"
    },
    {
      "sha1": "6c48521eed01fe2e8ecdadbd5ae348415f3c47da",
      "size": 8001795,
      "path": "libraries/net/minecraft/client/1.20.1-20230612.114412/client-1.20.1-20230612.114412-mappings.txt",
      "url": "http://res.tlauncher.org/unb/libraries/cache/net/minecraft/client/1.20.1-20230612.114412/client-1.20.1-20230612.114412-mappings.txt"
    },
    {
      "sha1": "3c8aa19b710a3a68f721210eb69b74594d13e218",
      "size": 18842082,
      "path": "libraries/net/minecraft/client/1.20.1-20230612.114412/client-1.20.1-20230612.114412-srg.jar",
      "url": "http://res.tlauncher.org/unb/libraries/cache/net/minecraft/client/1.20.1-20230612.114412/client-1.20.1-20230612.114412-srg.jar"
    },
    {
      "sha1": "4b6c41d915c857a006634a12b6cdf9e08451a4fd",
      "size": 4792900,
      "path": "libraries/net/minecraftforge/forge/1.20.1-47.3.0/forge-1.20.1-47.3.0-client.jar",
      "url": "http://res.tlauncher.org/unb/libraries/cache/net/minecraftforge/forge/1.20.1-47.3.0/forge-1.20.1-47.3.0-client.jar"
    },
    {
      "sha1": "7aeb6f58286b5398dc7dfa1d3db1757e601145c1",
      "size": 2753075,
      "path": "libraries/net/minecraftforge/forge/1.20.1-47.3.0/forge-1.20.1-47.3.0-universal.jar",
      "url": "http://res.tlauncher.org/unb/libraries/cache/net/minecraftforge/forge/1.20.1-47.3.0/forge-1.20.1-47.3.0-universal.jar"
    },
    {
      "sha1": "3b6be96aba3e323f3c918e8ef6a96312d82d76ad",
      "size": 118685,
      "path": "libraries/net/minecraftforge/fmlcore/1.20.1-47.3.0/fmlcore-1.20.1-47.3.0.jar",
      "url": "http://res.tlauncher.org/unb/libraries/cache/net/minecraftforge/fmlcore/1.20.1-47.3.0/fmlcore-1.20.1-47.3.0.jar"
    },
    {
      "sha1": "d7ebc62120f202109e300e084ca1a31a7b946a62",
      "size": 16516,
      "path": "libraries/net/minecraftforge/javafmllanguage/1.20.1-47.3.0/javafmllanguage-1.20.1-47.3.0.jar",
      "url": "http://res.tlauncher.org/unb/libraries/cache/net/minecraftforge/javafmllanguage/1.20.1-47.3.0/javafmllanguage-1.20.1-47.3.0.jar"
    },
    {
      "sha1": "6093682e943ddccbabf70539319d7f2fe64db2e7",
      "size": 4998,
      "path": "libraries/net/minecraftforge/mclanguage/1.20.1-47.3.0/mclanguage-1.20.1-47.3.0.jar",
      "url": "http://res.tlauncher.org/unb/libraries/cache/net/minecraftforge/mclanguage/1.20.1-47.3.0/mclanguage-1.20.1-47.3.0.jar"
    },
    {
      "sha1": "1bf3e845ea0ce750096da8c71c8364b188ab74d4",
      "size": 7398,
      "path": "libraries/net/minecraftforge/lowcodelanguage/1.20.1-47.3.0/lowcodelanguage-1.20.1-47.3.0.jar",
      "url": "http://res.tlauncher.org/unb/libraries/cache/net/minecraftforge/lowcodelanguage/1.20.1-47.3.0/lowcodelanguage-1.20.1-47.3.0.jar"
    }
  ],
  "tlauncherVersion": 0,
  "modpack": {
    "modpackMemory": true,
    "memory": 4096,
    "id": -21042338497409,
    "name": "ShaderCrafter",
    "favorite": false,
    "categories": [],
    "tags": [],
    "pictures": [],
    "version": {
      "mods": [
        {
          "stateGameElement": "active",
          "id": 908741,
          "name": "Embeddium",
          "author": "embeddedt embeddedt jellysquid3_ Asek3",
          "linkProject": "https://www.curseforge.com/minecraft/mc-mods/embeddium",
          "favorite": false,
          "categories": [],
          "picture": 820542,
          "pictures": [],
          "lanName": "embeddium",
          "version": {
            "id": 5681725,
            "name": "embeddium-0.3.31+mc1.20.1",
            "updateDate": 1725145909000,
            "type": "release",
            "gameVersionsDTO": [
              {
                "id": 46,
                "name": "1.20.1"
              }
            ],
            "metadata": {
              "sha1": "bb2fa8f3e493af16af9160d049f96c614a1faf2f",
              "size": 1320675,
              "path": "mods/embeddium-0.3.31+mc1.20.1.jar",
              "url": "/mods/908741/5681725/embeddium-0.3.31+mc1.20.1.jar"
            },
            "available": false,
            "minecraftVersionTypes": [
              {
                "id": 5,
                "name": "neoForge"
              },
              {
                "id": 1,
                "name": "forge"
              }
            ]
          },
          "downloadMonth": 0,
          "userInstall": false,
          "populateStatus": false,
          "dependencies": [
            {
              "gameType": "mod",
              "id": 5735,
              "name": "Rubidium",
              "gameEntityId": 574856,
              "dependencyType": "incompatible"
            },
            {
              "gameType": "mod",
              "id": 7103,
              "name": "TexTrue's Embeddium Options",
              "gameEntityId": 910506,
              "dependencyType": "incompatible"
            }
          ],
          "lastGameVersion": {
            "id": 53,
            "name": "1.21.1"
          },
          "updated": 1725051600000,
          "update": 1725051600000,
          "downloadALL": 246052,
          "available": true,
          "parser": true,
          "totalComments": 0,
          "adult": false
        },
        {
          "stateGameElement": "active",
          "id": 654373,
          "name": "Embeddium (Rubidium) Extra",
          "author": "dimadencep",
          "linkProject": "https://www.curseforge.com/minecraft/mc-mods/rubidium-extra",
          "favorite": false,
          "categories": [
            {
              "id": 22,
              "name": "mc_miscellaneous",
              "shortName": "mixed",
              "nesting": 0
            }
          ],
          "picture": 787863,
          "pictures": [
            338255,
            338256
          ],
          "lanName": "rubidium-extra",
          "version": {
            "id": 5299719,
            "name": "rubidium-extra-0.5.4.3+mc1.20.1-build.121",
            "updateDate": 1714340535000,
            "type": "release",
            "gameVersionsDTO": [
              {
                "id": 46,
                "name": "1.20.1"
              }
            ],
            "metadata": {
              "sha1": "af8b057d1b6a1844da59fa3680c4f847ea6a2aba",
              "size": 544113,
              "path": "mods/rubidium-extra-0.5.4.3+mc1.20.1-build.121.jar",
              "url": "/mods/654373/5299719/rubidium-extra-0.5.4.3+mc1.20.1-build.121.jar"
            },
            "available": false,
            "minecraftVersionTypes": [
              {
                "id": 1,
                "name": "forge"
              }
            ]
          },
          "downloadMonth": 0,
          "userInstall": false,
          "populateStatus": false,
          "dependencies": [],
          "lastGameVersion": {
            "id": 52,
            "name": "1.21"
          },
          "updated": 1722373200000,
          "update": 1722373200000,
          "downloadALL": 373324,
          "available": true,
          "parser": true,
          "totalComments": 0,
          "adult": false
        },
        {
          "stateGameElement": "active",
          "id": 429235,
          "name": "FerriteCore ((Neo)Forge)",
          "author": "malte0811",
          "linkProject": "https://www.curseforge.com/minecraft/mc-mods/ferritecore",
          "favorite": false,
          "categories": [],
          "picture": 821140,
          "pictures": [],
          "lanName": "ferritecore",
          "version": {
            "id": 4810975,
            "name": "ferritecore-6.0.1-forge",
            "updateDate": 1697970916000,
            "type": "release",
            "gameVersionsDTO": [
              {
                "id": 45,
                "name": "1.20"
              },
              {
                "id": 46,
                "name": "1.20.1"
              }
            ],
            "metadata": {
              "sha1": "417fb6ce8f52abf40bd9d0390371790f9576f8ba",
              "size": 123034,
              "path": "mods/ferritecore-6.0.1-forge.jar",
              "url": "/mods/429235/4810975/ferritecore-6.0.1-forge.jar"
            },
            "available": false,
            "minecraftVersionTypes": [
              {
                "id": 1,
                "name": "forge"
              }
            ]
          },
          "downloadMonth": 42,
          "userInstall": false,
          "populateStatus": false,
          "dependencies": [],
          "lastGameVersion": {
            "id": 53,
            "name": "1.21.1"
          },
          "updated": 1718485200000,
          "update": 1718485200000,
          "downloadALL": 297684,
          "available": true,
          "parser": true,
          "totalComments": 0,
          "adult": false
        },
        {
          "stateGameElement": "active",
          "id": 526854,
          "name": "Starlight (Forge)",
          "author": "spottedstar",
          "linkProject": "https://www.curseforge.com/minecraft/mc-mods/starlight-forge",
          "favorite": false,
          "categories": [
            {
              "id": 22,
              "name": "mc_miscellaneous",
              "shortName": "mixed",
              "nesting": 0
            }
          ],
          "picture": 821290,
          "pictures": [],
          "lanName": "starlight-forge",
          "version": {
            "id": 4631193,
            "name": "starlight-1.1.2+forge.1cda73c",
            "updateDate": 1688785632000,
            "type": "release",
            "gameVersionsDTO": [
              {
                "id": 45,
                "name": "1.20"
              },
              {
                "id": 46,
                "name": "1.20.1"
              }
            ],
            "metadata": {
              "sha1": "a915880c7834a0b0f9f300f0e3053deaa9a3205a",
              "size": 110583,
              "path": "mods/starlight-1.1.2+forge.1cda73c.jar",
              "url": "/mods/526854/4631193/starlight-1.1.2+forge.1cda73c.jar"
            },
            "available": false,
            "minecraftVersionTypes": [
              {
                "id": 1,
                "name": "forge"
              }
            ]
          },
          "downloadMonth": 0,
          "userInstall": false,
          "populateStatus": false,
          "dependencies": [],
          "lastGameVersion": {
            "id": 47,
            "name": "1.20.2"
          },
          "updated": 1698354000000,
          "update": 1698354000000,
          "downloadALL": 114918,
          "available": true,
          "parser": true,
          "totalComments": 0,
          "adult": false
        },
        {
          "stateGameElement": "active",
          "id": 665658,
          "name": "Canary",
          "author": "abdelaziz333",
          "linkProject": "https://www.curseforge.com/minecraft/mc-mods/canary",
          "favorite": false,
          "categories": [
            {
              "id": 22,
              "name": "mc_miscellaneous",
              "shortName": "mixed",
              "nesting": 0
            },
            {
              "id": 15,
              "name": "server_utility",
              "shortName": "plugins",
              "nesting": 0
            }
          ],
          "picture": 821333,
          "pictures": [],
          "lanName": "canary",
          "version": {
            "id": 5089991,
            "name": "canary-mc1.20.1-0.3.3",
            "updateDate": 1707396688000,
            "type": "release",
            "gameVersionsDTO": [
              {
                "id": 46,
                "name": "1.20.1"
              }
            ],
            "metadata": {
              "sha1": "898abd9e337ef1c677ce93f5589497a09c7e9850",
              "size": 594191,
              "path": "mods/canary-mc1.20.1-0.3.3.jar",
              "url": "/mods/665658/5089991/canary-mc1.20.1-0.3.3.jar"
            },
            "available": false,
            "minecraftVersionTypes": [
              {
                "id": 1,
                "name": "forge"
              }
            ]
          },
          "downloadMonth": 0,
          "userInstall": false,
          "populateStatus": false,
          "dependencies": [],
          "lastGameVersion": {
            "id": 49,
            "name": "1.20.4"
          },
          "updated": 1707339600000,
          "update": 1707339600000,
          "downloadALL": 70348,
          "available": true,
          "parser": true,
          "totalComments": 0,
          "adult": false
        },
        {
          "stateGameElement": "active",
          "id": 670986,
          "name": "Saturn",
          "author": "abdelaziz333",
          "linkProject": "https://www.curseforge.com/minecraft/mc-mods/saturn",
          "favorite": false,
          "categories": [
            {
              "id": 22,
              "name": "mc_miscellaneous",
              "shortName": "mixed",
              "nesting": 0
            },
            {
              "id": 15,
              "name": "server_utility",
              "shortName": "plugins",
              "nesting": 0
            }
          ],
          "picture": 821324,
          "pictures": [],
          "lanName": "saturn",
          "version": {
            "id": 5093785,
            "name": "saturn-mc1.20.1-0.1.3",
            "updateDate": 1707494968000,
            "type": "release",
            "gameVersionsDTO": [
              {
                "id": 46,
                "name": "1.20.1"
              }
            ],
            "metadata": {
              "sha1": "ad93f99d46714c46aaa6a4409aeca506e9fcac99",
              "size": 92319,
              "path": "mods/saturn-mc1.20.1-0.1.3.jar",
              "url": "/mods/670986/5093785/saturn-mc1.20.1-0.1.3.jar"
            },
            "available": false,
            "minecraftVersionTypes": [
              {
                "id": 1,
                "name": "forge"
              }
            ]
          },
          "downloadMonth": 0,
          "userInstall": false,
          "populateStatus": false,
          "dependencies": [],
          "lastGameVersion": {
            "id": 51,
            "name": "1.20.6"
          },
          "updated": 1716238800000,
          "update": 1716238800000,
          "downloadALL": 63563,
          "available": true,
          "parser": true,
          "totalComments": 0,
          "adult": false
        },
        {
          "stateGameElement": "active",
          "id": 448233,
          "name": "Entity Culling FabricForge",
          "author": "tr9zw",
          "linkProject": "https://www.curseforge.com/minecraft/mc-mods/entityculling",
          "favorite": false,
          "categories": [
            {
              "id": 22,
              "name": "mc_miscellaneous",
              "shortName": "mixed",
              "nesting": 0
            }
          ],
          "picture": 787437,
          "pictures": [],
          "lanName": "entityculling",
          "version": {
            "id": 5672088,
            "name": "entityculling-forge-1.7.0-mc1.20.1",
            "updateDate": 1724871310000,
            "gameVersionsDTO": [
              {
                "id": 46,
                "name": "1.20.1"
              }
            ],
            "metadata": {
              "sha1": "d2edb93aefdc1b104a8ef975e72c53796b752293",
              "size": 71441,
              "path": "mods/entityculling-forge-1.7.0-mc1.20.1.jar",
              "url": "/mods/448233/5672088/entityculling-forge-1.7.0-mc1.20.1.jar"
            },
            "available": false,
            "minecraftVersionTypes": [
              {
                "id": 1,
                "name": "forge"
              }
            ]
          },
          "downloadMonth": 16,
          "userInstall": false,
          "populateStatus": false,
          "dependencies": [
            {
              "gameType": "mod",
              "id": 2,
              "name": "Fabric API",
              "gameEntityId": 306612,
              "dependencyType": "required"
            }
          ],
          "lastGameVersion": {
            "id": 53,
            "name": "1.21.1"
          },
          "updated": 1724792400000,
          "update": 1724792400000,
          "downloadALL": 567715,
          "available": true,
          "parser": true,
          "totalComments": 0,
          "adult": false
        },
        {
          "stateGameElement": "active",
          "id": 686911,
          "name": "ImmediatelyFast",
          "author": "raphimc",
          "linkProject": "https://www.curseforge.com/minecraft/mc-mods/immediatelyfast",
          "favorite": false,
          "categories": [],
          "picture": 797116,
          "pictures": [],
          "lanName": "immediatelyfast",
          "version": {
            "id": 5672335,
            "name": "Forge-1.2.21+1.20.4",
            "updateDate": 1724876783000,
            "type": "release",
            "gameVersionsDTO": [
              {
                "id": 45,
                "name": "1.20"
              },
              {
                "id": 49,
                "name": "1.20.4"
              },
              {
                "id": 46,
                "name": "1.20.1"
              },
              {
                "id": 47,
                "name": "1.20.2"
              },
              {
                "id": 48,
                "name": "1.20.3"
              }
            ],
            "metadata": {
              "sha1": "67d7d1db76aee6e7e850abf1f4c032ec6ec93239",
              "size": 432352,
              "path": "mods/ImmediatelyFast-Forge-1.2.21+1.20.4.jar",
              "url": "/mods/686911/5672335/ImmediatelyFast-Forge-1.2.21+1.20.4.jar"
            },
            "available": false,
            "minecraftVersionTypes": [
              {
                "id": 1,
                "name": "forge"
              }
            ]
          },
          "downloadMonth": 0,
          "userInstall": false,
          "populateStatus": false,
          "dependencies": [],
          "lastGameVersion": {
            "id": 53,
            "name": "1.21.1"
          },
          "updated": 1724792400000,
          "update": 1724792400000,
          "downloadALL": 108148,
          "available": true,
          "parser": true,
          "totalComments": 0,
          "adult": false
        },
        {
          "stateGameElement": "active",
          "id": 633412,
          "name": "Smooth Boot (Reloaded)",
          "author": "abdelaziz333",
          "linkProject": "https://www.curseforge.com/minecraft/mc-mods/smooth-boot-reloaded",
          "favorite": false,
          "categories": [
            {
              "id": 15,
              "name": "server_utility",
              "shortName": "plugins",
              "nesting": 0
            }
          ],
          "picture": 831999,
          "pictures": [],
          "lanName": "smooth-boot-reloaded",
          "version": {
            "id": 5016280,
            "name": "smoothboot(reloaded)-mc1.20.1-0.0.4",
            "updateDate": 1704666652000,
            "type": "release",
            "gameVersionsDTO": [
              {
                "id": 46,
                "name": "1.20.1"
              }
            ],
            "metadata": {
              "sha1": "3fd79132dba444bd109b5de4ad75dee06a48e130",
              "size": 41044,
              "path": "mods/smoothboot(reloaded)-mc1.20.1-0.0.4.jar",
              "url": "/mods/633412/5016280/smoothboot(reloaded)-mc1.20.1-0.0.4.jar"
            },
            "available": false,
            "minecraftVersionTypes": [
              {
                "id": 1,
                "name": "forge"
              }
            ]
          },
          "downloadMonth": 0,
          "userInstall": false,
          "populateStatus": false,
          "dependencies": [],
          "lastGameVersion": {
            "id": 46,
            "name": "1.20.1"
          },
          "updated": 1704661200000,
          "update": 1704661200000,
          "downloadALL": 58172,
          "available": true,
          "parser": true,
          "totalComments": 0,
          "adult": false
        },
        {
          "stateGameElement": "active",
          "id": 625069,
          "name": "Async Locator",
          "author": "bright_spark",
          "linkProject": "https://www.curseforge.com/minecraft/mc-mods/async-locator",
          "favorite": false,
          "categories": [
            {
              "id": 15,
              "name": "server_utility",
              "shortName": "plugins",
              "nesting": 0
            },
            {
              "id": 7,
              "name": "library_api",
              "shortName": "api",
              "nesting": 0
            }
          ],
          "picture": 844718,
          "pictures": [],
          "lanName": "async-locator",
          "version": {
            "id": 4603343,
            "name": "async-locator-forge-1.20-1.3.0",
            "updateDate": 1687447454000,
            "type": "release",
            "gameVersionsDTO": [
              {
                "id": 45,
                "name": "1.20"
              },
              {
                "id": 46,
                "name": "1.20.1"
              },
              {
                "id": 47,
                "name": "1.20.2"
              }
            ],
            "metadata": {
              "sha1": "fa8e3d65644e5bf1ea62f1ba3c94b0982dfb7357",
              "size": 264951,
              "path": "mods/async-locator-forge-1.20-1.3.0.jar",
              "url": "/mods/625069/4603343/async-locator-forge-1.20-1.3.0.jar"
            },
            "available": false,
            "minecraftVersionTypes": [
              {
                "id": 1,
                "name": "forge"
              }
            ]
          },
          "downloadMonth": 0,
          "userInstall": false,
          "populateStatus": false,
          "dependencies": [],
          "lastGameVersion": {
            "id": 47,
            "name": "1.20.2"
          },
          "updated": 1687554000000,
          "update": 1687554000000,
          "downloadALL": 11813,
          "available": true,
          "parser": true,
          "totalComments": 0,
          "adult": false
        },
        {
          "stateGameElement": "active",
          "id": 790626,
          "name": "ModernFix",
          "author": "embeddedt",
          "linkProject": "https://www.curseforge.com/minecraft/mc-mods/modernfix",
          "favorite": false,
          "categories": [
            {
              "id": 15,
              "name": "server_utility",
              "shortName": "plugins",
              "nesting": 0
            }
          ],
          "picture": 808897,
          "pictures": [],
          "lanName": "modernfix",
          "version": {
            "id": 5676014,
            "name": "modernfix-forge-5.19.4+mc1.20.1",
            "updateDate": 1724979797000,
            "type": "release",
            "gameVersionsDTO": [
              {
                "id": 46,
                "name": "1.20.1"
              }
            ],
            "metadata": {
              "sha1": "3475345dc6b407f72e96825ffc7e8e76864cecc9",
              "size": 778504,
              "path": "mods/modernfix-forge-5.19.4+mc1.20.1.jar",
              "url": "/mods/790626/5676014/modernfix-forge-5.19.4+mc1.20.1.jar"
            },
            "available": false,
            "minecraftVersionTypes": [
              {
                "id": 1,
                "name": "forge"
              }
            ]
          },
          "downloadMonth": 0,
          "userInstall": false,
          "populateStatus": false,
          "dependencies": [],
          "lastGameVersion": {
            "id": 53,
            "name": "1.21.1"
          },
          "updated": 1724965200000,
          "update": 1724965200000,
          "downloadALL": 202935,
          "available": true,
          "parser": true,
          "totalComments": 0,
          "adult": false
        },
        {
          "stateGameElement": "active",
          "id": 326652,
          "name": "Cupboard",
          "author": "someaddon",
          "linkProject": "https://www.curseforge.com/minecraft/mc-mods/cupboard",
          "favorite": false,
          "categories": [],
          "picture": 787815,
          "pictures": [],
          "lanName": "cupboard",
          "version": {
            "id": 5470032,
            "name": "cupboard-1.20.1-2.7",
            "updateDate": 1719262203000,
            "type": "release",
            "gameVersionsDTO": [
              {
                "id": 46,
                "name": "1.20.1"
              }
            ],
            "metadata": {
              "sha1": "204bc8aa83e8a685f64311b72d55505ab2eca867",
              "size": 25983,
              "path": "mods/cupboard-1.20.1-2.7.jar",
              "url": "/mods/326652/5470032/cupboard-1.20.1-2.7.jar"
            },
            "available": false,
            "minecraftVersionTypes": [
              {
                "id": 5,
                "name": "neoForge"
              },
              {
                "id": 1,
                "name": "forge"
              }
            ]
          },
          "downloadMonth": 4,
          "userInstall": false,
          "populateStatus": false,
          "dependencies": [],
          "lastGameVersion": {
            "id": 53,
            "name": "1.21.1"
          },
          "updated": 1722027600000,
          "update": 1722027600000,
          "downloadALL": 351964,
          "available": true,
          "parser": true,
          "totalComments": 0,
          "adult": false
        },
        {
          "stateGameElement": "active",
          "id": 551520,
          "name": "Better Fps - Render Distance[Forge]",
          "author": "someaddon",
          "linkProject": "https://www.curseforge.com/minecraft/mc-mods/better-fps-render-distance",
          "favorite": false,
          "categories": [
            {
              "id": 22,
              "name": "mc_miscellaneous",
              "shortName": "mixed",
              "nesting": 0
            },
            {
              "id": 3,
              "name": "cosmetic",
              "shortName": "cosmetic",
              "nesting": 0
            }
          ],
          "picture": 787824,
          "pictures": [],
          "lanName": "better-fps-render-distance",
          "version": {
            "id": 5723247,
            "name": "betterfpsdist-1.20.1-6.0",
            "updateDate": 1726342166000,
            "type": "release",
            "gameVersionsDTO": [
              {
                "id": 46,
                "name": "1.20.1"
              }
            ],
            "metadata": {
              "sha1": "8e4fe2cd85c08c24ab363b47a63d1c872fc3cc1e",
              "size": 19917,
              "path": "mods/betterfpsdist-1.20.1-6.0.jar",
              "url": "/mods/551520/5723247/betterfpsdist-1.20.1-6.0.jar"
            },
            "available": false,
            "minecraftVersionTypes": [
              {
                "id": 5,
                "name": "neoForge"
              },
              {
                "id": 1,
                "name": "forge"
              }
            ]
          },
          "downloadMonth": 0,
          "userInstall": false,
          "populateStatus": false,
          "dependencies": [
            {
              "gameType": "mod",
              "id": 5815,
              "name": "Cupboard",
              "gameEntityId": 326652,
              "dependencyType": "required"
            }
          ],
          "lastGameVersion": {
            "id": 53,
            "name": "1.21.1"
          },
          "updated": 1726261200000,
          "update": 1726261200000,
          "downloadALL": 1609809,
          "available": true,
          "parser": true,
          "totalComments": 0,
          "adult": false
        },
        {
          "stateGameElement": "active",
          "id": 495693,
          "name": "Farsight [ForgeNeo]",
          "author": "someaddon",
          "linkProject": "https://www.curseforge.com/minecraft/mc-mods/farsight",
          "favorite": false,
          "categories": [
            {
              "id": 55,
              "name": "adventure_and_rpg",
              "shortName": "roleplay",
              "nesting": 0
            },
            {
              "id": 6,
              "name": "map_information",
              "shortName": "maps",
              "nesting": 0
            },
            {
              "id": 3,
              "name": "cosmetic",
              "shortName": "cosmetic",
              "nesting": 0
            }
          ],
          "picture": 821205,
          "pictures": [],
          "lanName": "farsight",
          "version": {
            "id": 5531397,
            "name": "farsight-1.20.1-3.7",
            "updateDate": 1720951138000,
            "type": "release",
            "gameVersionsDTO": [
              {
                "id": 46,
                "name": "1.20.1"
              }
            ],
            "metadata": {
              "sha1": "c124558a7f6a7560944600c0f64a5e433d95cc4c",
              "size": 440849,
              "path": "mods/farsight-1.20.1-3.7.jar",
              "url": "/mods/495693/5531397/farsight-1.20.1-3.7.jar"
            },
            "available": false,
            "minecraftVersionTypes": [
              {
                "id": 5,
                "name": "neoForge"
              },
              {
                "id": 1,
                "name": "forge"
              }
            ]
          },
          "downloadMonth": 0,
          "userInstall": false,
          "populateStatus": false,
          "dependencies": [],
          "lastGameVersion": {
            "id": 53,
            "name": "1.21.1"
          },
          "updated": 1724619600000,
          "update": 1724619600000,
          "downloadALL": 47741,
          "available": true,
          "parser": true,
          "totalComments": 0,
          "adult": false
        },
        {
          "stateGameElement": "active",
          "id": 882495,
          "name": "fix GPU memory leak[ForgeFabric]",
          "author": "someaddon someaddon",
          "linkProject": "https://www.curseforge.com/minecraft/mc-mods/fix-gpu-memory-leak",
          "favorite": false,
          "categories": [
            {
              "id": 3,
              "name": "cosmetic",
              "shortName": "cosmetic",
              "nesting": 0
            }
          ],
          "picture": 821170,
          "pictures": [],
          "lanName": "fix-gpu-memory-leak",
          "version": {
            "id": 4884976,
            "name": "gpumemleakfix-1.20.1-1.8",
            "updateDate": 1700502945000,
            "type": "release",
            "gameVersionsDTO": [
              {
                "id": 45,
                "name": "1.20"
              },
              {
                "id": 46,
                "name": "1.20.1"
              }
            ],
            "metadata": {
              "sha1": "54301c2db5467e0f9f5c504887436f358335331f",
              "size": 7997,
              "path": "mods/gpumemleakfix-1.20.1-1.8.jar",
              "url": "/mods/882495/4884976/gpumemleakfix-1.20.1-1.8.jar"
            },
            "available": false,
            "minecraftVersionTypes": [
              {
                "id": 1,
                "name": "forge"
              }
            ]
          },
          "downloadMonth": 0,
          "userInstall": false,
          "populateStatus": false,
          "dependencies": [],
          "lastGameVersion": {
            "id": 53,
            "name": "1.21.1"
          },
          "updated": 1720386000000,
          "update": 1720386000000,
          "downloadALL": 44288,
          "available": true,
          "parser": true,
          "totalComments": 0,
          "adult": false
        },
        {
          "stateGameElement": "active",
          "id": 280294,
          "name": "FPS Reducer",
          "author": "bre2el",
          "linkProject": "https://www.curseforge.com/minecraft/mc-mods/fps-reducer",
          "favorite": false,
          "categories": [
            {
              "id": 22,
              "name": "mc_miscellaneous",
              "shortName": "mixed",
              "nesting": 0
            }
          ],
          "picture": 821327,
          "pictures": [],
          "lanName": "fps-reducer",
          "version": {
            "id": 4586784,
            "name": "FpsReducer2-forge-1.20-2.5",
            "updateDate": 1686758942000,
            "type": "release",
            "gameVersionsDTO": [
              {
                "id": 46,
                "name": "1.20.1"
              },
              {
                "id": 45,
                "name": "1.20"
              }
            ],
            "metadata": {
              "sha1": "d7d5af20faa2bd7012aa2d34b5804324aa273092",
              "size": 125347,
              "path": "mods/FpsReducer2-forge-1.20-2.5.jar",
              "url": "/mods/280294/4586784/FpsReducer2-forge-1.20-2.5.jar"
            },
            "available": false,
            "minecraftVersionTypes": [
              {
                "id": 1,
                "name": "forge"
              }
            ]
          },
          "downloadMonth": 15661,
          "userInstall": false,
          "populateStatus": false,
          "dependencies": [],
          "lastGameVersion": {
            "id": 53,
            "name": "1.21.1"
          },
          "updated": 1721768400000,
          "update": 1721768400000,
          "downloadALL": 15617356,
          "available": true,
          "parser": true,
          "totalComments": 0,
          "adult": false
        },
        {
          "stateGameElement": "active",
          "id": 930207,
          "name": "Noisium",
          "author": "Steveplays28 Steveplays28",
          "linkProject": "https://www.curseforge.com/minecraft/mc-mods/noisium",
          "favorite": false,
          "categories": [
            {
              "id": 22,
              "name": "mc_miscellaneous",
              "shortName": "mixed",
              "nesting": 0
            },
            {
              "id": 15,
              "name": "server_utility",
              "shortName": "plugins",
              "nesting": 0
            },
            {
              "id": 29,
              "name": "world_gen",
              "shortName": "world",
              "nesting": 0
            }
          ],
          "picture": 800729,
          "pictures": [
            572072
          ],
          "lanName": "noisium",
          "version": {
            "id": 5650506,
            "name": "noisium-forge-2.3.0+mc1.20-1.20.1",
            "updateDate": 1724261051000,
            "type": "release",
            "gameVersionsDTO": [
              {
                "id": 46,
                "name": "1.20.1"
              },
              {
                "id": 45,
                "name": "1.20"
              }
            ],
            "metadata": {
              "sha1": "7da1cdf00c0ae5cad31e17f765f6ea021c8ac808",
              "size": 218152,
              "path": "mods/noisium-forge-2.3.0+mc1.20-1.20.1.jar",
              "url": "/mods/930207/5650506/noisium-forge-2.3.0+mc1.20-1.20.1.jar"
            },
            "available": false,
            "minecraftVersionTypes": [
              {
                "id": 5,
                "name": "neoForge"
              },
              {
                "id": 1,
                "name": "forge"
              }
            ]
          },
          "downloadMonth": 0,
          "userInstall": false,
          "populateStatus": false,
          "dependencies": [],
          "lastGameVersion": {
            "id": 53,
            "name": "1.21.1"
          },
          "updated": 1725742800000,
          "update": 1725742800000,
          "downloadALL": 21518,
          "available": true,
          "parser": true,
          "totalComments": 0
        },
        {
          "stateGameElement": "active",
          "id": 581495,
          "name": "Oculus",
          "author": "asek3",
          "linkProject": "https://www.curseforge.com/minecraft/mc-mods/oculus",
          "favorite": false,
          "categories": [
            {
              "id": 22,
              "name": "mc_miscellaneous",
              "shortName": "mixed",
              "nesting": 0
            },
            {
              "id": 3,
              "name": "cosmetic",
              "shortName": "cosmetic",
              "nesting": 0
            }
          ],
          "picture": 787816,
          "pictures": [],
          "lanName": "oculus",
          "version": {
            "id": 5299671,
            "name": "oculus-mc1.20.1-1.7.0",
            "updateDate": 1714339358000,
            "type": "release",
            "gameVersionsDTO": [
              {
                "id": 46,
                "name": "1.20.1"
              }
            ],
            "metadata": {
              "sha1": "27410903d3af950378776106b76503cfebe7ea3a",
              "size": 2831148,
              "path": "mods/oculus-mc1.20.1-1.7.0.jar",
              "url": "/mods/581495/5299671/oculus-mc1.20.1-1.7.0.jar"
            },
            "available": false,
            "minecraftVersionTypes": [
              {
                "id": 1,
                "name": "forge"
              }
            ]
          },
          "downloadMonth": 0,
          "userInstall": false,
          "populateStatus": false,
          "dependencies": [],
          "lastGameVersion": {
            "id": 46,
            "name": "1.20.1"
          },
          "updated": 1714251600000,
          "update": 1714251600000,
          "downloadALL": 395672,
          "available": true,
          "parser": true,
          "totalComments": 0,
          "adult": false
        },
        {
          "stateGameElement": "active",
          "id": 898104,
          "name": "Carbon Config",
          "author": "Speiger Speiger MedurisDev",
          "linkProject": "https://www.curseforge.com/minecraft/mc-mods/carbon-config",
          "favorite": false,
          "categories": [
            {
              "id": 15,
              "name": "server_utility",
              "shortName": "plugins",
              "nesting": 0
            },
            {
              "id": 7,
              "name": "library_api",
              "shortName": "api",
              "nesting": 0
            }
          ],
          "picture": 801167,
          "pictures": [
            517549,
            517551,
            517552,
            517550,
            562451,
            562452,
            517553
          ],
          "lanName": "carbon-config",
          "version": {
            "id": 5504503,
            "name": "1.20-1.2.6",
            "updateDate": 1720188482000,
            "type": "release",
            "gameVersionsDTO": [
              {
                "id": 45,
                "name": "1.20"
              },
              {
                "id": 46,
                "name": "1.20.1"
              }
            ],
            "metadata": {
              "sha1": "98735aad3cc7f6643922d09b5f8ca05985fa3abd",
              "size": 1037169,
              "path": "mods/CarbonConfig-1.20-1.2.6.jar",
              "url": "/mods/898104/5504503/CarbonConfig-1.20-1.2.6.jar"
            },
            "available": false,
            "minecraftVersionTypes": [
              {
                "id": 1,
                "name": "forge"
              }
            ]
          },
          "downloadMonth": 0,
          "userInstall": false,
          "populateStatus": false,
          "dependencies": [],
          "lastGameVersion": {
            "id": 53,
            "name": "1.21.1"
          },
          "updated": 1724533200000,
          "update": 1724533200000,
          "downloadALL": 4363,
          "available": true,
          "parser": true,
          "totalComments": 0,
          "adult": false
        },
        {
          "stateGameElement": "active",
          "id": 899487,
          "name": "Better chunk loading[ForgeFabric]",
          "author": "someaddon someaddon",
          "linkProject": "https://www.curseforge.com/minecraft/mc-mods/better-chunk-loading-forge-fabric",
          "favorite": false,
          "categories": [
            {
              "id": 55,
              "name": "adventure_and_rpg",
              "shortName": "roleplay",
              "nesting": 0
            },
            {
              "id": 14,
              "name": "world_biomes",
              "shortName": "biomes",
              "nesting": 0
            },
            {
              "id": 15,
              "name": "server_utility",
              "shortName": "plugins",
              "nesting": 0
            },
            {
              "id": 6,
              "name": "map_information",
              "shortName": "maps",
              "nesting": 0
            }
          ],
          "picture": 808852,
          "pictures": [],
          "lanName": "better-chunk-loading-forge-fabric",
          "version": {
            "id": 5747090,
            "name": "betterchunkloading-1.20.1-4.5",
            "updateDate": 1727028549000,
            "type": "release",
            "gameVersionsDTO": [
              {
                "id": 46,
                "name": "1.20.1"
              }
            ],
            "metadata": {
              "sha1": "2f101565796a71af8984d46d98c0bc91118ea47b",
              "size": 38243,
              "path": "mods/betterchunkloading-1.20.1-4.5.jar",
              "url": "/mods/899487/5747090/betterchunkloading-1.20.1-4.5.jar"
            },
            "available": false,
            "minecraftVersionTypes": [
              {
                "id": 5,
                "name": "neoForge"
              },
              {
                "id": 1,
                "name": "forge"
              }
            ]
          },
          "downloadMonth": 0,
          "userInstall": false,
          "populateStatus": false,
          "dependencies": [
            {
              "gameType": "mod",
              "id": 5815,
              "name": "Cupboard",
              "gameEntityId": 326652,
              "dependencyType": "required"
            }
          ],
          "lastGameVersion": {
            "id": 53,
            "name": "1.21.1"
          },
          "updated": 1726952400000,
          "update": 1726952400000,
          "downloadALL": 32864,
          "available": true,
          "parser": true,
          "totalComments": 0,
          "adult": false
        }
      ],
      "resourcePacks": [],
      "maps": [],
      "shaderpacks": [
        {
          "stateGameElement": "active",
          "id": 431203,
          "name": "MakeUp - Ultra Fast  Shaders",
          "author": "xavierfst",
          "linkProject": "https://www.curseforge.com/minecraft/customization/makeup-ultra-fast-shader",
          "favorite": false,
          "categories": [
            {
              "id": 82,
              "name": "shaderpacks",
              "shortName": "shaderpacks",
              "nesting": 0
            }
          ],
          "picture": 451243,
          "pictures": [
            352049,
            232370,
            236248,
            258370,
            258371,
            282699,
            227668,
            258365,
            352048
          ],
          "lanName": "makeup-ultra-fast-shader",
          "version": {
            "id": 5638485,
            "name": "MakeUp-UltraFast-9.0a",
            "updateDate": 1723924932000,
            "type": "release",
            "gameVersionsDTO": [
              {
                "id": 41,
                "name": "1.14"
              },
              {
                "id": 40,
                "name": "1.16"
              },
              {
                "id": 22,
                "name": "1.14.3"
              },
              {
                "id": 25,
                "name": "1.15.1"
              },
              {
                "id": 44,
                "name": "1.19.4"
              },
              {
                "id": 27,
                "name": "1.16.1"
              },
              {
                "id": 49,
                "name": "1.20.4"
              },
              {
                "id": 53,
                "name": "1.21.1"
              },
              {
                "id": 43,
                "name": "1.19.3"
              },
              {
                "id": 28,
                "name": "1.16.2"
              },
              {
                "id": 21,
                "name": "1.14.2"
              },
              {
                "id": 50,
                "name": "1.20.5"
              },
              {
                "id": 36,
                "name": "1.19"
              },
              {
                "id": 42,
                "name": "1.14.1"
              },
              {
                "id": 46,
                "name": "1.20.1"
              },
              {
                "id": 23,
                "name": "1.14.4"
              },
              {
                "id": 30,
                "name": "1.16.4"
              },
              {
                "id": 37,
                "name": "1.19.1"
              },
              {
                "id": 24,
                "name": "1.15"
              },
              {
                "id": 45,
                "name": "1.20"
              },
              {
                "id": 47,
                "name": "1.20.2"
              },
              {
                "id": 31,
                "name": "1.16.5"
              },
              {
                "id": 34,
                "name": "1.18.1"
              },
              {
                "id": 52,
                "name": "1.21"
              },
              {
                "id": 33,
                "name": "1.18"
              },
              {
                "id": 29,
                "name": "1.16.3"
              },
              {
                "id": 35,
                "name": "1.18.2"
              },
              {
                "id": 48,
                "name": "1.20.3"
              },
              {
                "id": 19,
                "name": "1.13.2"
              },
              {
                "id": 51,
                "name": "1.20.6"
              },
              {
                "id": 1,
                "name": "1.12.2"
              },
              {
                "id": 26,
                "name": "1.15.2"
              },
              {
                "id": 32,
                "name": "1.17.1"
              },
              {
                "id": 38,
                "name": "1.19.2"
              },
              {
                "id": 39,
                "name": "1.17"
              }
            ],
            "metadata": {
              "sha1": "8e3afd8083914971cce5534ef920a473e1a01bac",
              "size": 362591,
              "path": "shaderpacks/MakeUp-UltraFast-9.0a.zip",
              "url": "/shaderpacks/431203/5638485/MakeUp-UltraFast-9.0a.zip"
            },
            "available": false,
            "minecraftVersionTypes": []
          },
          "downloadMonth": 494,
          "userInstall": false,
          "populateStatus": false,
          "dependencies": [],
          "lastGameVersion": {
            "id": 53,
            "name": "1.21.1"
          },
          "updated": 1717777891000,
          "update": 1717777891000,
          "downloadALL": 2448166,
          "available": true,
          "parser": true,
          "totalComments": 0,
          "adult": false
        }
      ],
      "gameVersionDTO": {
        "id": 46,
        "name": "1.20.1"
      },
      "minecraftVersionName": {
        "id": 3753,
        "name": "47.3.0"
      },
      "id": -21042338506151,
      "name": "1.0",
      "available": false,
      "minecraftVersionTypes": [
        {
          "id": 1,
          "name": "forge"
        }
      ]
    },
    "versions": [],
    "userInstall": false,
    "populateStatus": false,
    "available": false,
    "parser": false,
    "totalComments": 0
  },
  "source": "local_version_repo",
  "jar": "1.20.1",
  "skinVersion": false
}
